,labels,source,path,name,class,mel_path
0,male_angry,SAVEE,Audio/DCa01.wav,DCa01,a,ImageData/a/DCa01.jpg
1,male_angry,SAVEE,Audio/DCa02.wav,DCa02,a,ImageData/a/DCa02.jpg
2,male_angry,SAVEE,Audio/DCa03.wav,DCa03,a,ImageData/a/DCa03.jpg
3,male_angry,SAVEE,Audio/DCa04.wav,DCa04,a,ImageData/a/DCa04.jpg
4,male_angry,SAVEE,Audio/DCa05.wav,DCa05,a,ImageData/a/DCa05.jpg
5,male_angry,SAVEE,Audio/DCa06.wav,DCa06,a,ImageData/a/DCa06.jpg
6,male_angry,SAVEE,Audio/DCa07.wav,DCa07,a,ImageData/a/DCa07.jpg
7,male_angry,SAVEE,Audio/DCa08.wav,DCa08,a,ImageData/a/DCa08.jpg
8,male_angry,SAVEE,Audio/DCa09.wav,DCa09,a,ImageData/a/DCa09.jpg
9,male_angry,SAVEE,Audio/DCa10.wav,DCa10,a,ImageData/a/DCa10.jpg
10,male_angry,SAVEE,Audio/DCa11.wav,DCa11,a,ImageData/a/DCa11.jpg
11,male_angry,SAVEE,Audio/DCa12.wav,DCa12,a,ImageData/a/DCa12.jpg
12,male_angry,SAVEE,Audio/DCa13.wav,DCa13,a,ImageData/a/DCa13.jpg
13,male_angry,SAVEE,Audio/DCa14.wav,DCa14,a,ImageData/a/DCa14.jpg
14,male_angry,SAVEE,Audio/DCa15.wav,DCa15,a,ImageData/a/DCa15.jpg
15,male_disgust,SAVEE,Audio/DCd01.wav,DCd01,d,ImageData/d/DCd01.jpg
16,male_disgust,SAVEE,Audio/DCd02.wav,DCd02,d,ImageData/d/DCd02.jpg
17,male_disgust,SAVEE,Audio/DCd03.wav,DCd03,d,ImageData/d/DCd03.jpg
18,male_disgust,SAVEE,Audio/DCd04.wav,DCd04,d,ImageData/d/DCd04.jpg
19,male_disgust,SAVEE,Audio/DCd05.wav,DCd05,d,ImageData/d/DCd05.jpg
20,male_disgust,SAVEE,Audio/DCd06.wav,DCd06,d,ImageData/d/DCd06.jpg
21,male_disgust,SAVEE,Audio/DCd07.wav,DCd07,d,ImageData/d/DCd07.jpg
22,male_disgust,SAVEE,Audio/DCd08.wav,DCd08,d,ImageData/d/DCd08.jpg
23,male_disgust,SAVEE,Audio/DCd09.wav,DCd09,d,ImageData/d/DCd09.jpg
24,male_disgust,SAVEE,Audio/DCd10.wav,DCd10,d,ImageData/d/DCd10.jpg
25,male_disgust,SAVEE,Audio/DCd11.wav,DCd11,d,ImageData/d/DCd11.jpg
26,male_disgust,SAVEE,Audio/DCd12.wav,DCd12,d,ImageData/d/DCd12.jpg
27,male_disgust,SAVEE,Audio/DCd13.wav,DCd13,d,ImageData/d/DCd13.jpg
28,male_disgust,SAVEE,Audio/DCd14.wav,DCd14,d,ImageData/d/DCd14.jpg
29,male_disgust,SAVEE,Audio/DCd15.wav,DCd15,d,ImageData/d/DCd15.jpg
30,male_fear,SAVEE,Audio/DCf01.wav,DCf01,f,ImageData/f/DCf01.jpg
31,male_fear,SAVEE,Audio/DCf02.wav,DCf02,f,ImageData/f/DCf02.jpg
32,male_fear,SAVEE,Audio/DCf03.wav,DCf03,f,ImageData/f/DCf03.jpg
33,male_fear,SAVEE,Audio/DCf04.wav,DCf04,f,ImageData/f/DCf04.jpg
34,male_fear,SAVEE,Audio/DCf05.wav,DCf05,f,ImageData/f/DCf05.jpg
35,male_fear,SAVEE,Audio/DCf06.wav,DCf06,f,ImageData/f/DCf06.jpg
36,male_fear,SAVEE,Audio/DCf07.wav,DCf07,f,ImageData/f/DCf07.jpg
37,male_fear,SAVEE,Audio/DCf08.wav,DCf08,f,ImageData/f/DCf08.jpg
38,male_fear,SAVEE,Audio/DCf09.wav,DCf09,f,ImageData/f/DCf09.jpg
39,male_fear,SAVEE,Audio/DCf10.wav,DCf10,f,ImageData/f/DCf10.jpg
40,male_fear,SAVEE,Audio/DCf11.wav,DCf11,f,ImageData/f/DCf11.jpg
41,male_fear,SAVEE,Audio/DCf12.wav,DCf12,f,ImageData/f/DCf12.jpg
42,male_fear,SAVEE,Audio/DCf13.wav,DCf13,f,ImageData/f/DCf13.jpg
43,male_fear,SAVEE,Audio/DCf14.wav,DCf14,f,ImageData/f/DCf14.jpg
44,male_fear,SAVEE,Audio/DCf15.wav,DCf15,f,ImageData/f/DCf15.jpg
45,male_happy,SAVEE,Audio/DCh01.wav,DCh01,h,ImageData/h/DCh01.jpg
46,male_happy,SAVEE,Audio/DCh02.wav,DCh02,h,ImageData/h/DCh02.jpg
47,male_happy,SAVEE,Audio/DCh03.wav,DCh03,h,ImageData/h/DCh03.jpg
48,male_happy,SAVEE,Audio/DCh04.wav,DCh04,h,ImageData/h/DCh04.jpg
49,male_happy,SAVEE,Audio/DCh05.wav,DCh05,h,ImageData/h/DCh05.jpg
50,male_happy,SAVEE,Audio/DCh06.wav,DCh06,h,ImageData/h/DCh06.jpg
51,male_happy,SAVEE,Audio/DCh07.wav,DCh07,h,ImageData/h/DCh07.jpg
52,male_happy,SAVEE,Audio/DCh08.wav,DCh08,h,ImageData/h/DCh08.jpg
53,male_happy,SAVEE,Audio/DCh09.wav,DCh09,h,ImageData/h/DCh09.jpg
54,male_happy,SAVEE,Audio/DCh10.wav,DCh10,h,ImageData/h/DCh10.jpg
55,male_happy,SAVEE,Audio/DCh11.wav,DCh11,h,ImageData/h/DCh11.jpg
56,male_happy,SAVEE,Audio/DCh12.wav,DCh12,h,ImageData/h/DCh12.jpg
57,male_happy,SAVEE,Audio/DCh13.wav,DCh13,h,ImageData/h/DCh13.jpg
58,male_happy,SAVEE,Audio/DCh14.wav,DCh14,h,ImageData/h/DCh14.jpg
59,male_happy,SAVEE,Audio/DCh15.wav,DCh15,h,ImageData/h/DCh15.jpg
60,male_neutral,SAVEE,Audio/DCn01.wav,DCn01,n,ImageData/n/DCn01.jpg
61,male_neutral,SAVEE,Audio/DCn02.wav,DCn02,n,ImageData/n/DCn02.jpg
62,male_neutral,SAVEE,Audio/DCn03.wav,DCn03,n,ImageData/n/DCn03.jpg
63,male_neutral,SAVEE,Audio/DCn04.wav,DCn04,n,ImageData/n/DCn04.jpg
64,male_neutral,SAVEE,Audio/DCn05.wav,DCn05,n,ImageData/n/DCn05.jpg
65,male_neutral,SAVEE,Audio/DCn06.wav,DCn06,n,ImageData/n/DCn06.jpg
66,male_neutral,SAVEE,Audio/DCn07.wav,DCn07,n,ImageData/n/DCn07.jpg
67,male_neutral,SAVEE,Audio/DCn08.wav,DCn08,n,ImageData/n/DCn08.jpg
68,male_neutral,SAVEE,Audio/DCn09.wav,DCn09,n,ImageData/n/DCn09.jpg
69,male_neutral,SAVEE,Audio/DCn10.wav,DCn10,n,ImageData/n/DCn10.jpg
70,male_neutral,SAVEE,Audio/DCn11.wav,DCn11,n,ImageData/n/DCn11.jpg
71,male_neutral,SAVEE,Audio/DCn12.wav,DCn12,n,ImageData/n/DCn12.jpg
72,male_neutral,SAVEE,Audio/DCn13.wav,DCn13,n,ImageData/n/DCn13.jpg
73,male_neutral,SAVEE,Audio/DCn14.wav,DCn14,n,ImageData/n/DCn14.jpg
74,male_neutral,SAVEE,Audio/DCn15.wav,DCn15,n,ImageData/n/DCn15.jpg
75,male_neutral,SAVEE,Audio/DCn16.wav,DCn16,n,ImageData/n/DCn16.jpg
76,male_neutral,SAVEE,Audio/DCn17.wav,DCn17,n,ImageData/n/DCn17.jpg
77,male_neutral,SAVEE,Audio/DCn18.wav,DCn18,n,ImageData/n/DCn18.jpg
78,male_neutral,SAVEE,Audio/DCn19.wav,DCn19,n,ImageData/n/DCn19.jpg
79,male_neutral,SAVEE,Audio/DCn20.wav,DCn20,n,ImageData/n/DCn20.jpg
80,male_neutral,SAVEE,Audio/DCn21.wav,DCn21,n,ImageData/n/DCn21.jpg
81,male_neutral,SAVEE,Audio/DCn22.wav,DCn22,n,ImageData/n/DCn22.jpg
82,male_neutral,SAVEE,Audio/DCn23.wav,DCn23,n,ImageData/n/DCn23.jpg
83,male_neutral,SAVEE,Audio/DCn24.wav,DCn24,n,ImageData/n/DCn24.jpg
84,male_neutral,SAVEE,Audio/DCn25.wav,DCn25,n,ImageData/n/DCn25.jpg
85,male_neutral,SAVEE,Audio/DCn26.wav,DCn26,n,ImageData/n/DCn26.jpg
86,male_neutral,SAVEE,Audio/DCn27.wav,DCn27,n,ImageData/n/DCn27.jpg
87,male_neutral,SAVEE,Audio/DCn28.wav,DCn28,n,ImageData/n/DCn28.jpg
88,male_neutral,SAVEE,Audio/DCn29.wav,DCn29,n,ImageData/n/DCn29.jpg
89,male_neutral,SAVEE,Audio/DCn30.wav,DCn30,n,ImageData/n/DCn30.jpg
90,male_sad,SAVEE,Audio/DCsa01.wav,DCsa01,sa,ImageData/sa/DCsa01.jpg
91,male_sad,SAVEE,Audio/DCsa02.wav,DCsa02,sa,ImageData/sa/DCsa02.jpg
92,male_sad,SAVEE,Audio/DCsa03.wav,DCsa03,sa,ImageData/sa/DCsa03.jpg
93,male_sad,SAVEE,Audio/DCsa04.wav,DCsa04,sa,ImageData/sa/DCsa04.jpg
94,male_sad,SAVEE,Audio/DCsa05.wav,DCsa05,sa,ImageData/sa/DCsa05.jpg
95,male_sad,SAVEE,Audio/DCsa06.wav,DCsa06,sa,ImageData/sa/DCsa06.jpg
96,male_sad,SAVEE,Audio/DCsa07.wav,DCsa07,sa,ImageData/sa/DCsa07.jpg
97,male_sad,SAVEE,Audio/DCsa08.wav,DCsa08,sa,ImageData/sa/DCsa08.jpg
98,male_sad,SAVEE,Audio/DCsa09.wav,DCsa09,sa,ImageData/sa/DCsa09.jpg
99,male_sad,SAVEE,Audio/DCsa10.wav,DCsa10,sa,ImageData/sa/DCsa10.jpg
100,male_sad,SAVEE,Audio/DCsa11.wav,DCsa11,sa,ImageData/sa/DCsa11.jpg
101,male_sad,SAVEE,Audio/DCsa12.wav,DCsa12,sa,ImageData/sa/DCsa12.jpg
102,male_sad,SAVEE,Audio/DCsa13.wav,DCsa13,sa,ImageData/sa/DCsa13.jpg
103,male_sad,SAVEE,Audio/DCsa14.wav,DCsa14,sa,ImageData/sa/DCsa14.jpg
104,male_sad,SAVEE,Audio/DCsa15.wav,DCsa15,sa,ImageData/sa/DCsa15.jpg
105,male_surprise,SAVEE,Audio/DCsu01.wav,DCsu01,su,ImageData/su/DCsu01.jpg
106,male_surprise,SAVEE,Audio/DCsu02.wav,DCsu02,su,ImageData/su/DCsu02.jpg
107,male_surprise,SAVEE,Audio/DCsu03.wav,DCsu03,su,ImageData/su/DCsu03.jpg
108,male_surprise,SAVEE,Audio/DCsu04.wav,DCsu04,su,ImageData/su/DCsu04.jpg
109,male_surprise,SAVEE,Audio/DCsu05.wav,DCsu05,su,ImageData/su/DCsu05.jpg
110,male_surprise,SAVEE,Audio/DCsu06.wav,DCsu06,su,ImageData/su/DCsu06.jpg
111,male_surprise,SAVEE,Audio/DCsu07.wav,DCsu07,su,ImageData/su/DCsu07.jpg
112,male_surprise,SAVEE,Audio/DCsu08.wav,DCsu08,su,ImageData/su/DCsu08.jpg
113,male_surprise,SAVEE,Audio/DCsu09.wav,DCsu09,su,ImageData/su/DCsu09.jpg
114,male_surprise,SAVEE,Audio/DCsu10.wav,DCsu10,su,ImageData/su/DCsu10.jpg
115,male_surprise,SAVEE,Audio/DCsu11.wav,DCsu11,su,ImageData/su/DCsu11.jpg
116,male_surprise,SAVEE,Audio/DCsu12.wav,DCsu12,su,ImageData/su/DCsu12.jpg
117,male_surprise,SAVEE,Audio/DCsu13.wav,DCsu13,su,ImageData/su/DCsu13.jpg
118,male_surprise,SAVEE,Audio/DCsu14.wav,DCsu14,su,ImageData/su/DCsu14.jpg
119,male_surprise,SAVEE,Audio/DCsu15.wav,DCsu15,su,ImageData/su/DCsu15.jpg
120,male_angry,SAVEE,Audio/JEa01.wav,JEa01,a,ImageData/a/JEa01.jpg
121,male_angry,SAVEE,Audio/JEa02.wav,JEa02,a,ImageData/a/JEa02.jpg
122,male_angry,SAVEE,Audio/JEa03.wav,JEa03,a,ImageData/a/JEa03.jpg
123,male_angry,SAVEE,Audio/JEa04.wav,JEa04,a,ImageData/a/JEa04.jpg
124,male_angry,SAVEE,Audio/JEa05.wav,JEa05,a,ImageData/a/JEa05.jpg
125,male_angry,SAVEE,Audio/JEa06.wav,JEa06,a,ImageData/a/JEa06.jpg
126,male_angry,SAVEE,Audio/JEa07.wav,JEa07,a,ImageData/a/JEa07.jpg
127,male_angry,SAVEE,Audio/JEa08.wav,JEa08,a,ImageData/a/JEa08.jpg
128,male_angry,SAVEE,Audio/JEa09.wav,JEa09,a,ImageData/a/JEa09.jpg
129,male_angry,SAVEE,Audio/JEa10.wav,JEa10,a,ImageData/a/JEa10.jpg
130,male_angry,SAVEE,Audio/JEa11.wav,JEa11,a,ImageData/a/JEa11.jpg
131,male_angry,SAVEE,Audio/JEa12.wav,JEa12,a,ImageData/a/JEa12.jpg
132,male_angry,SAVEE,Audio/JEa13.wav,JEa13,a,ImageData/a/JEa13.jpg
133,male_angry,SAVEE,Audio/JEa14.wav,JEa14,a,ImageData/a/JEa14.jpg
134,male_angry,SAVEE,Audio/JEa15.wav,JEa15,a,ImageData/a/JEa15.jpg
135,male_disgust,SAVEE,Audio/JEd01.wav,JEd01,d,ImageData/d/JEd01.jpg
136,male_disgust,SAVEE,Audio/JEd02.wav,JEd02,d,ImageData/d/JEd02.jpg
137,male_disgust,SAVEE,Audio/JEd03.wav,JEd03,d,ImageData/d/JEd03.jpg
138,male_disgust,SAVEE,Audio/JEd04.wav,JEd04,d,ImageData/d/JEd04.jpg
139,male_disgust,SAVEE,Audio/JEd05.wav,JEd05,d,ImageData/d/JEd05.jpg
140,male_disgust,SAVEE,Audio/JEd06.wav,JEd06,d,ImageData/d/JEd06.jpg
141,male_disgust,SAVEE,Audio/JEd07.wav,JEd07,d,ImageData/d/JEd07.jpg
142,male_disgust,SAVEE,Audio/JEd08.wav,JEd08,d,ImageData/d/JEd08.jpg
143,male_disgust,SAVEE,Audio/JEd09.wav,JEd09,d,ImageData/d/JEd09.jpg
144,male_disgust,SAVEE,Audio/JEd10.wav,JEd10,d,ImageData/d/JEd10.jpg
145,male_disgust,SAVEE,Audio/JEd11.wav,JEd11,d,ImageData/d/JEd11.jpg
146,male_disgust,SAVEE,Audio/JEd12.wav,JEd12,d,ImageData/d/JEd12.jpg
147,male_disgust,SAVEE,Audio/JEd13.wav,JEd13,d,ImageData/d/JEd13.jpg
148,male_disgust,SAVEE,Audio/JEd14.wav,JEd14,d,ImageData/d/JEd14.jpg
149,male_disgust,SAVEE,Audio/JEd15.wav,JEd15,d,ImageData/d/JEd15.jpg
150,male_fear,SAVEE,Audio/JEf01.wav,JEf01,f,ImageData/f/JEf01.jpg
151,male_fear,SAVEE,Audio/JEf02.wav,JEf02,f,ImageData/f/JEf02.jpg
152,male_fear,SAVEE,Audio/JEf03.wav,JEf03,f,ImageData/f/JEf03.jpg
153,male_fear,SAVEE,Audio/JEf04.wav,JEf04,f,ImageData/f/JEf04.jpg
154,male_fear,SAVEE,Audio/JEf05.wav,JEf05,f,ImageData/f/JEf05.jpg
155,male_fear,SAVEE,Audio/JEf06.wav,JEf06,f,ImageData/f/JEf06.jpg
156,male_fear,SAVEE,Audio/JEf07.wav,JEf07,f,ImageData/f/JEf07.jpg
157,male_fear,SAVEE,Audio/JEf08.wav,JEf08,f,ImageData/f/JEf08.jpg
158,male_fear,SAVEE,Audio/JEf09.wav,JEf09,f,ImageData/f/JEf09.jpg
159,male_fear,SAVEE,Audio/JEf10.wav,JEf10,f,ImageData/f/JEf10.jpg
160,male_fear,SAVEE,Audio/JEf11.wav,JEf11,f,ImageData/f/JEf11.jpg
161,male_fear,SAVEE,Audio/JEf12.wav,JEf12,f,ImageData/f/JEf12.jpg
162,male_fear,SAVEE,Audio/JEf13.wav,JEf13,f,ImageData/f/JEf13.jpg
163,male_fear,SAVEE,Audio/JEf14.wav,JEf14,f,ImageData/f/JEf14.jpg
164,male_fear,SAVEE,Audio/JEf15.wav,JEf15,f,ImageData/f/JEf15.jpg
165,male_happy,SAVEE,Audio/JEh01.wav,JEh01,h,ImageData/h/JEh01.jpg
166,male_happy,SAVEE,Audio/JEh02.wav,JEh02,h,ImageData/h/JEh02.jpg
167,male_happy,SAVEE,Audio/JEh03.wav,JEh03,h,ImageData/h/JEh03.jpg
168,male_happy,SAVEE,Audio/JEh04.wav,JEh04,h,ImageData/h/JEh04.jpg
169,male_happy,SAVEE,Audio/JEh05.wav,JEh05,h,ImageData/h/JEh05.jpg
170,male_happy,SAVEE,Audio/JEh06.wav,JEh06,h,ImageData/h/JEh06.jpg
171,male_happy,SAVEE,Audio/JEh07.wav,JEh07,h,ImageData/h/JEh07.jpg
172,male_happy,SAVEE,Audio/JEh08.wav,JEh08,h,ImageData/h/JEh08.jpg
173,male_happy,SAVEE,Audio/JEh09.wav,JEh09,h,ImageData/h/JEh09.jpg
174,male_happy,SAVEE,Audio/JEh10.wav,JEh10,h,ImageData/h/JEh10.jpg
175,male_happy,SAVEE,Audio/JEh11.wav,JEh11,h,ImageData/h/JEh11.jpg
176,male_happy,SAVEE,Audio/JEh12.wav,JEh12,h,ImageData/h/JEh12.jpg
177,male_happy,SAVEE,Audio/JEh13.wav,JEh13,h,ImageData/h/JEh13.jpg
178,male_happy,SAVEE,Audio/JEh14.wav,JEh14,h,ImageData/h/JEh14.jpg
179,male_happy,SAVEE,Audio/JEh15.wav,JEh15,h,ImageData/h/JEh15.jpg
180,male_neutral,SAVEE,Audio/JEn01.wav,JEn01,n,ImageData/n/JEn01.jpg
181,male_neutral,SAVEE,Audio/JEn02.wav,JEn02,n,ImageData/n/JEn02.jpg
182,male_neutral,SAVEE,Audio/JEn03.wav,JEn03,n,ImageData/n/JEn03.jpg
183,male_neutral,SAVEE,Audio/JEn04.wav,JEn04,n,ImageData/n/JEn04.jpg
184,male_neutral,SAVEE,Audio/JEn05.wav,JEn05,n,ImageData/n/JEn05.jpg
185,male_neutral,SAVEE,Audio/JEn06.wav,JEn06,n,ImageData/n/JEn06.jpg
186,male_neutral,SAVEE,Audio/JEn07.wav,JEn07,n,ImageData/n/JEn07.jpg
187,male_neutral,SAVEE,Audio/JEn08.wav,JEn08,n,ImageData/n/JEn08.jpg
188,male_neutral,SAVEE,Audio/JEn09.wav,JEn09,n,ImageData/n/JEn09.jpg
189,male_neutral,SAVEE,Audio/JEn10.wav,JEn10,n,ImageData/n/JEn10.jpg
190,male_neutral,SAVEE,Audio/JEn11.wav,JEn11,n,ImageData/n/JEn11.jpg
191,male_neutral,SAVEE,Audio/JEn12.wav,JEn12,n,ImageData/n/JEn12.jpg
192,male_neutral,SAVEE,Audio/JEn13.wav,JEn13,n,ImageData/n/JEn13.jpg
193,male_neutral,SAVEE,Audio/JEn14.wav,JEn14,n,ImageData/n/JEn14.jpg
194,male_neutral,SAVEE,Audio/JEn15.wav,JEn15,n,ImageData/n/JEn15.jpg
195,male_neutral,SAVEE,Audio/JEn16.wav,JEn16,n,ImageData/n/JEn16.jpg
196,male_neutral,SAVEE,Audio/JEn17.wav,JEn17,n,ImageData/n/JEn17.jpg
197,male_neutral,SAVEE,Audio/JEn18.wav,JEn18,n,ImageData/n/JEn18.jpg
198,male_neutral,SAVEE,Audio/JEn19.wav,JEn19,n,ImageData/n/JEn19.jpg
199,male_neutral,SAVEE,Audio/JEn20.wav,JEn20,n,ImageData/n/JEn20.jpg
200,male_neutral,SAVEE,Audio/JEn21.wav,JEn21,n,ImageData/n/JEn21.jpg
201,male_neutral,SAVEE,Audio/JEn22.wav,JEn22,n,ImageData/n/JEn22.jpg
202,male_neutral,SAVEE,Audio/JEn23.wav,JEn23,n,ImageData/n/JEn23.jpg
203,male_neutral,SAVEE,Audio/JEn24.wav,JEn24,n,ImageData/n/JEn24.jpg
204,male_neutral,SAVEE,Audio/JEn25.wav,JEn25,n,ImageData/n/JEn25.jpg
205,male_neutral,SAVEE,Audio/JEn26.wav,JEn26,n,ImageData/n/JEn26.jpg
206,male_neutral,SAVEE,Audio/JEn27.wav,JEn27,n,ImageData/n/JEn27.jpg
207,male_neutral,SAVEE,Audio/JEn28.wav,JEn28,n,ImageData/n/JEn28.jpg
208,male_neutral,SAVEE,Audio/JEn29.wav,JEn29,n,ImageData/n/JEn29.jpg
209,male_neutral,SAVEE,Audio/JEn30.wav,JEn30,n,ImageData/n/JEn30.jpg
210,male_sad,SAVEE,Audio/JEsa01.wav,JEsa01,sa,ImageData/sa/JEsa01.jpg
211,male_sad,SAVEE,Audio/JEsa02.wav,JEsa02,sa,ImageData/sa/JEsa02.jpg
212,male_sad,SAVEE,Audio/JEsa03.wav,JEsa03,sa,ImageData/sa/JEsa03.jpg
213,male_sad,SAVEE,Audio/JEsa04.wav,JEsa04,sa,ImageData/sa/JEsa04.jpg
214,male_sad,SAVEE,Audio/JEsa05.wav,JEsa05,sa,ImageData/sa/JEsa05.jpg
215,male_sad,SAVEE,Audio/JEsa06.wav,JEsa06,sa,ImageData/sa/JEsa06.jpg
216,male_sad,SAVEE,Audio/JEsa07.wav,JEsa07,sa,ImageData/sa/JEsa07.jpg
217,male_sad,SAVEE,Audio/JEsa08.wav,JEsa08,sa,ImageData/sa/JEsa08.jpg
218,male_sad,SAVEE,Audio/JEsa09.wav,JEsa09,sa,ImageData/sa/JEsa09.jpg
219,male_sad,SAVEE,Audio/JEsa10.wav,JEsa10,sa,ImageData/sa/JEsa10.jpg
220,male_sad,SAVEE,Audio/JEsa11.wav,JEsa11,sa,ImageData/sa/JEsa11.jpg
221,male_sad,SAVEE,Audio/JEsa12.wav,JEsa12,sa,ImageData/sa/JEsa12.jpg
222,male_sad,SAVEE,Audio/JEsa13.wav,JEsa13,sa,ImageData/sa/JEsa13.jpg
223,male_sad,SAVEE,Audio/JEsa14.wav,JEsa14,sa,ImageData/sa/JEsa14.jpg
224,male_sad,SAVEE,Audio/JEsa15.wav,JEsa15,sa,ImageData/sa/JEsa15.jpg
225,male_surprise,SAVEE,Audio/JEsu01.wav,JEsu01,su,ImageData/su/JEsu01.jpg
226,male_surprise,SAVEE,Audio/JEsu02.wav,JEsu02,su,ImageData/su/JEsu02.jpg
227,male_surprise,SAVEE,Audio/JEsu03.wav,JEsu03,su,ImageData/su/JEsu03.jpg
228,male_surprise,SAVEE,Audio/JEsu04.wav,JEsu04,su,ImageData/su/JEsu04.jpg
229,male_surprise,SAVEE,Audio/JEsu05.wav,JEsu05,su,ImageData/su/JEsu05.jpg
230,male_surprise,SAVEE,Audio/JEsu06.wav,JEsu06,su,ImageData/su/JEsu06.jpg
231,male_surprise,SAVEE,Audio/JEsu07.wav,JEsu07,su,ImageData/su/JEsu07.jpg
232,male_surprise,SAVEE,Audio/JEsu08.wav,JEsu08,su,ImageData/su/JEsu08.jpg
233,male_surprise,SAVEE,Audio/JEsu09.wav,JEsu09,su,ImageData/su/JEsu09.jpg
234,male_surprise,SAVEE,Audio/JEsu10.wav,JEsu10,su,ImageData/su/JEsu10.jpg
235,male_surprise,SAVEE,Audio/JEsu11.wav,JEsu11,su,ImageData/su/JEsu11.jpg
236,male_surprise,SAVEE,Audio/JEsu12.wav,JEsu12,su,ImageData/su/JEsu12.jpg
237,male_surprise,SAVEE,Audio/JEsu13.wav,JEsu13,su,ImageData/su/JEsu13.jpg
238,male_surprise,SAVEE,Audio/JEsu14.wav,JEsu14,su,ImageData/su/JEsu14.jpg
239,male_surprise,SAVEE,Audio/JEsu15.wav,JEsu15,su,ImageData/su/JEsu15.jpg
240,male_angry,SAVEE,Audio/JKa01.wav,JKa01,a,ImageData/a/JKa01.jpg
241,male_angry,SAVEE,Audio/JKa02.wav,JKa02,a,ImageData/a/JKa02.jpg
242,male_angry,SAVEE,Audio/JKa03.wav,JKa03,a,ImageData/a/JKa03.jpg
243,male_angry,SAVEE,Audio/JKa04.wav,JKa04,a,ImageData/a/JKa04.jpg
244,male_angry,SAVEE,Audio/JKa05.wav,JKa05,a,ImageData/a/JKa05.jpg
245,male_angry,SAVEE,Audio/JKa06.wav,JKa06,a,ImageData/a/JKa06.jpg
246,male_angry,SAVEE,Audio/JKa07.wav,JKa07,a,ImageData/a/JKa07.jpg
247,male_angry,SAVEE,Audio/JKa08.wav,JKa08,a,ImageData/a/JKa08.jpg
248,male_angry,SAVEE,Audio/JKa09.wav,JKa09,a,ImageData/a/JKa09.jpg
249,male_angry,SAVEE,Audio/JKa10.wav,JKa10,a,ImageData/a/JKa10.jpg
250,male_angry,SAVEE,Audio/JKa11.wav,JKa11,a,ImageData/a/JKa11.jpg
251,male_angry,SAVEE,Audio/JKa12.wav,JKa12,a,ImageData/a/JKa12.jpg
252,male_angry,SAVEE,Audio/JKa13.wav,JKa13,a,ImageData/a/JKa13.jpg
253,male_angry,SAVEE,Audio/JKa14.wav,JKa14,a,ImageData/a/JKa14.jpg
254,male_angry,SAVEE,Audio/JKa15.wav,JKa15,a,ImageData/a/JKa15.jpg
255,male_disgust,SAVEE,Audio/JKd01.wav,JKd01,d,ImageData/d/JKd01.jpg
256,male_disgust,SAVEE,Audio/JKd02.wav,JKd02,d,ImageData/d/JKd02.jpg
257,male_disgust,SAVEE,Audio/JKd03.wav,JKd03,d,ImageData/d/JKd03.jpg
258,male_disgust,SAVEE,Audio/JKd04.wav,JKd04,d,ImageData/d/JKd04.jpg
259,male_disgust,SAVEE,Audio/JKd05.wav,JKd05,d,ImageData/d/JKd05.jpg
260,male_disgust,SAVEE,Audio/JKd06.wav,JKd06,d,ImageData/d/JKd06.jpg
261,male_disgust,SAVEE,Audio/JKd07.wav,JKd07,d,ImageData/d/JKd07.jpg
262,male_disgust,SAVEE,Audio/JKd08.wav,JKd08,d,ImageData/d/JKd08.jpg
263,male_disgust,SAVEE,Audio/JKd09.wav,JKd09,d,ImageData/d/JKd09.jpg
264,male_disgust,SAVEE,Audio/JKd10.wav,JKd10,d,ImageData/d/JKd10.jpg
265,male_disgust,SAVEE,Audio/JKd11.wav,JKd11,d,ImageData/d/JKd11.jpg
266,male_disgust,SAVEE,Audio/JKd12.wav,JKd12,d,ImageData/d/JKd12.jpg
267,male_disgust,SAVEE,Audio/JKd13.wav,JKd13,d,ImageData/d/JKd13.jpg
268,male_disgust,SAVEE,Audio/JKd14.wav,JKd14,d,ImageData/d/JKd14.jpg
269,male_disgust,SAVEE,Audio/JKd15.wav,JKd15,d,ImageData/d/JKd15.jpg
270,male_fear,SAVEE,Audio/JKf01.wav,JKf01,f,ImageData/f/JKf01.jpg
271,male_fear,SAVEE,Audio/JKf02.wav,JKf02,f,ImageData/f/JKf02.jpg
272,male_fear,SAVEE,Audio/JKf03.wav,JKf03,f,ImageData/f/JKf03.jpg
273,male_fear,SAVEE,Audio/JKf04.wav,JKf04,f,ImageData/f/JKf04.jpg
274,male_fear,SAVEE,Audio/JKf05.wav,JKf05,f,ImageData/f/JKf05.jpg
275,male_fear,SAVEE,Audio/JKf06.wav,JKf06,f,ImageData/f/JKf06.jpg
276,male_fear,SAVEE,Audio/JKf07.wav,JKf07,f,ImageData/f/JKf07.jpg
277,male_fear,SAVEE,Audio/JKf08.wav,JKf08,f,ImageData/f/JKf08.jpg
278,male_fear,SAVEE,Audio/JKf09.wav,JKf09,f,ImageData/f/JKf09.jpg
279,male_fear,SAVEE,Audio/JKf10.wav,JKf10,f,ImageData/f/JKf10.jpg
280,male_fear,SAVEE,Audio/JKf11.wav,JKf11,f,ImageData/f/JKf11.jpg
281,male_fear,SAVEE,Audio/JKf12.wav,JKf12,f,ImageData/f/JKf12.jpg
282,male_fear,SAVEE,Audio/JKf13.wav,JKf13,f,ImageData/f/JKf13.jpg
283,male_fear,SAVEE,Audio/JKf14.wav,JKf14,f,ImageData/f/JKf14.jpg
284,male_fear,SAVEE,Audio/JKf15.wav,JKf15,f,ImageData/f/JKf15.jpg
285,male_happy,SAVEE,Audio/JKh01.wav,JKh01,h,ImageData/h/JKh01.jpg
286,male_happy,SAVEE,Audio/JKh02.wav,JKh02,h,ImageData/h/JKh02.jpg
287,male_happy,SAVEE,Audio/JKh03.wav,JKh03,h,ImageData/h/JKh03.jpg
288,male_happy,SAVEE,Audio/JKh04.wav,JKh04,h,ImageData/h/JKh04.jpg
289,male_happy,SAVEE,Audio/JKh05.wav,JKh05,h,ImageData/h/JKh05.jpg
290,male_happy,SAVEE,Audio/JKh06.wav,JKh06,h,ImageData/h/JKh06.jpg
291,male_happy,SAVEE,Audio/JKh07.wav,JKh07,h,ImageData/h/JKh07.jpg
292,male_happy,SAVEE,Audio/JKh08.wav,JKh08,h,ImageData/h/JKh08.jpg
293,male_happy,SAVEE,Audio/JKh09.wav,JKh09,h,ImageData/h/JKh09.jpg
294,male_happy,SAVEE,Audio/JKh10.wav,JKh10,h,ImageData/h/JKh10.jpg
295,male_happy,SAVEE,Audio/JKh11.wav,JKh11,h,ImageData/h/JKh11.jpg
296,male_happy,SAVEE,Audio/JKh12.wav,JKh12,h,ImageData/h/JKh12.jpg
297,male_happy,SAVEE,Audio/JKh13.wav,JKh13,h,ImageData/h/JKh13.jpg
298,male_happy,SAVEE,Audio/JKh14.wav,JKh14,h,ImageData/h/JKh14.jpg
299,male_happy,SAVEE,Audio/JKh15.wav,JKh15,h,ImageData/h/JKh15.jpg
300,male_neutral,SAVEE,Audio/JKn01.wav,JKn01,n,ImageData/n/JKn01.jpg
301,male_neutral,SAVEE,Audio/JKn02.wav,JKn02,n,ImageData/n/JKn02.jpg
302,male_neutral,SAVEE,Audio/JKn03.wav,JKn03,n,ImageData/n/JKn03.jpg
303,male_neutral,SAVEE,Audio/JKn04.wav,JKn04,n,ImageData/n/JKn04.jpg
304,male_neutral,SAVEE,Audio/JKn05.wav,JKn05,n,ImageData/n/JKn05.jpg
305,male_neutral,SAVEE,Audio/JKn06.wav,JKn06,n,ImageData/n/JKn06.jpg
306,male_neutral,SAVEE,Audio/JKn07.wav,JKn07,n,ImageData/n/JKn07.jpg
307,male_neutral,SAVEE,Audio/JKn08.wav,JKn08,n,ImageData/n/JKn08.jpg
308,male_neutral,SAVEE,Audio/JKn09.wav,JKn09,n,ImageData/n/JKn09.jpg
309,male_neutral,SAVEE,Audio/JKn10.wav,JKn10,n,ImageData/n/JKn10.jpg
310,male_neutral,SAVEE,Audio/JKn11.wav,JKn11,n,ImageData/n/JKn11.jpg
311,male_neutral,SAVEE,Audio/JKn12.wav,JKn12,n,ImageData/n/JKn12.jpg
312,male_neutral,SAVEE,Audio/JKn13.wav,JKn13,n,ImageData/n/JKn13.jpg
313,male_neutral,SAVEE,Audio/JKn14.wav,JKn14,n,ImageData/n/JKn14.jpg
314,male_neutral,SAVEE,Audio/JKn15.wav,JKn15,n,ImageData/n/JKn15.jpg
315,male_neutral,SAVEE,Audio/JKn16.wav,JKn16,n,ImageData/n/JKn16.jpg
316,male_neutral,SAVEE,Audio/JKn17.wav,JKn17,n,ImageData/n/JKn17.jpg
317,male_neutral,SAVEE,Audio/JKn18.wav,JKn18,n,ImageData/n/JKn18.jpg
318,male_neutral,SAVEE,Audio/JKn19.wav,JKn19,n,ImageData/n/JKn19.jpg
319,male_neutral,SAVEE,Audio/JKn20.wav,JKn20,n,ImageData/n/JKn20.jpg
320,male_neutral,SAVEE,Audio/JKn21.wav,JKn21,n,ImageData/n/JKn21.jpg
321,male_neutral,SAVEE,Audio/JKn22.wav,JKn22,n,ImageData/n/JKn22.jpg
322,male_neutral,SAVEE,Audio/JKn23.wav,JKn23,n,ImageData/n/JKn23.jpg
323,male_neutral,SAVEE,Audio/JKn24.wav,JKn24,n,ImageData/n/JKn24.jpg
324,male_neutral,SAVEE,Audio/JKn25.wav,JKn25,n,ImageData/n/JKn25.jpg
325,male_neutral,SAVEE,Audio/JKn26.wav,JKn26,n,ImageData/n/JKn26.jpg
326,male_neutral,SAVEE,Audio/JKn27.wav,JKn27,n,ImageData/n/JKn27.jpg
327,male_neutral,SAVEE,Audio/JKn28.wav,JKn28,n,ImageData/n/JKn28.jpg
328,male_neutral,SAVEE,Audio/JKn29.wav,JKn29,n,ImageData/n/JKn29.jpg
329,male_neutral,SAVEE,Audio/JKn30.wav,JKn30,n,ImageData/n/JKn30.jpg
330,male_sad,SAVEE,Audio/JKsa01.wav,JKsa01,sa,ImageData/sa/JKsa01.jpg
331,male_sad,SAVEE,Audio/JKsa02.wav,JKsa02,sa,ImageData/sa/JKsa02.jpg
332,male_sad,SAVEE,Audio/JKsa03.wav,JKsa03,sa,ImageData/sa/JKsa03.jpg
333,male_sad,SAVEE,Audio/JKsa04.wav,JKsa04,sa,ImageData/sa/JKsa04.jpg
334,male_sad,SAVEE,Audio/JKsa05.wav,JKsa05,sa,ImageData/sa/JKsa05.jpg
335,male_sad,SAVEE,Audio/JKsa06.wav,JKsa06,sa,ImageData/sa/JKsa06.jpg
336,male_sad,SAVEE,Audio/JKsa07.wav,JKsa07,sa,ImageData/sa/JKsa07.jpg
337,male_sad,SAVEE,Audio/JKsa08.wav,JKsa08,sa,ImageData/sa/JKsa08.jpg
338,male_sad,SAVEE,Audio/JKsa09.wav,JKsa09,sa,ImageData/sa/JKsa09.jpg
339,male_sad,SAVEE,Audio/JKsa10.wav,JKsa10,sa,ImageData/sa/JKsa10.jpg
340,male_sad,SAVEE,Audio/JKsa11.wav,JKsa11,sa,ImageData/sa/JKsa11.jpg
341,male_sad,SAVEE,Audio/JKsa12.wav,JKsa12,sa,ImageData/sa/JKsa12.jpg
342,male_sad,SAVEE,Audio/JKsa13.wav,JKsa13,sa,ImageData/sa/JKsa13.jpg
343,male_sad,SAVEE,Audio/JKsa14.wav,JKsa14,sa,ImageData/sa/JKsa14.jpg
344,male_sad,SAVEE,Audio/JKsa15.wav,JKsa15,sa,ImageData/sa/JKsa15.jpg
345,male_surprise,SAVEE,Audio/JKsu01.wav,JKsu01,su,ImageData/su/JKsu01.jpg
346,male_surprise,SAVEE,Audio/JKsu02.wav,JKsu02,su,ImageData/su/JKsu02.jpg
347,male_surprise,SAVEE,Audio/JKsu03.wav,JKsu03,su,ImageData/su/JKsu03.jpg
348,male_surprise,SAVEE,Audio/JKsu04.wav,JKsu04,su,ImageData/su/JKsu04.jpg
349,male_surprise,SAVEE,Audio/JKsu05.wav,JKsu05,su,ImageData/su/JKsu05.jpg
350,male_surprise,SAVEE,Audio/JKsu06.wav,JKsu06,su,ImageData/su/JKsu06.jpg
351,male_surprise,SAVEE,Audio/JKsu07.wav,JKsu07,su,ImageData/su/JKsu07.jpg
352,male_surprise,SAVEE,Audio/JKsu08.wav,JKsu08,su,ImageData/su/JKsu08.jpg
353,male_surprise,SAVEE,Audio/JKsu09.wav,JKsu09,su,ImageData/su/JKsu09.jpg
354,male_surprise,SAVEE,Audio/JKsu10.wav,JKsu10,su,ImageData/su/JKsu10.jpg
355,male_surprise,SAVEE,Audio/JKsu11.wav,JKsu11,su,ImageData/su/JKsu11.jpg
356,male_surprise,SAVEE,Audio/JKsu12.wav,JKsu12,su,ImageData/su/JKsu12.jpg
357,male_surprise,SAVEE,Audio/JKsu13.wav,JKsu13,su,ImageData/su/JKsu13.jpg
358,male_surprise,SAVEE,Audio/JKsu14.wav,JKsu14,su,ImageData/su/JKsu14.jpg
359,male_surprise,SAVEE,Audio/JKsu15.wav,JKsu15,su,ImageData/su/JKsu15.jpg
360,male_angry,SAVEE,Audio/KLa01.wav,KLa01,a,ImageData/a/KLa01.jpg
361,male_angry,SAVEE,Audio/KLa02.wav,KLa02,a,ImageData/a/KLa02.jpg
362,male_angry,SAVEE,Audio/KLa03.wav,KLa03,a,ImageData/a/KLa03.jpg
363,male_angry,SAVEE,Audio/KLa04.wav,KLa04,a,ImageData/a/KLa04.jpg
364,male_angry,SAVEE,Audio/KLa05.wav,KLa05,a,ImageData/a/KLa05.jpg
365,male_angry,SAVEE,Audio/KLa06.wav,KLa06,a,ImageData/a/KLa06.jpg
366,male_angry,SAVEE,Audio/KLa07.wav,KLa07,a,ImageData/a/KLa07.jpg
367,male_angry,SAVEE,Audio/KLa08.wav,KLa08,a,ImageData/a/KLa08.jpg
368,male_angry,SAVEE,Audio/KLa09.wav,KLa09,a,ImageData/a/KLa09.jpg
369,male_angry,SAVEE,Audio/KLa10.wav,KLa10,a,ImageData/a/KLa10.jpg
370,male_angry,SAVEE,Audio/KLa11.wav,KLa11,a,ImageData/a/KLa11.jpg
371,male_angry,SAVEE,Audio/KLa12.wav,KLa12,a,ImageData/a/KLa12.jpg
372,male_angry,SAVEE,Audio/KLa13.wav,KLa13,a,ImageData/a/KLa13.jpg
373,male_angry,SAVEE,Audio/KLa14.wav,KLa14,a,ImageData/a/KLa14.jpg
374,male_angry,SAVEE,Audio/KLa15.wav,KLa15,a,ImageData/a/KLa15.jpg
375,male_disgust,SAVEE,Audio/KLd01.wav,KLd01,d,ImageData/d/KLd01.jpg
376,male_disgust,SAVEE,Audio/KLd02.wav,KLd02,d,ImageData/d/KLd02.jpg
377,male_disgust,SAVEE,Audio/KLd03.wav,KLd03,d,ImageData/d/KLd03.jpg
378,male_disgust,SAVEE,Audio/KLd04.wav,KLd04,d,ImageData/d/KLd04.jpg
379,male_disgust,SAVEE,Audio/KLd05.wav,KLd05,d,ImageData/d/KLd05.jpg
380,male_disgust,SAVEE,Audio/KLd06.wav,KLd06,d,ImageData/d/KLd06.jpg
381,male_disgust,SAVEE,Audio/KLd07.wav,KLd07,d,ImageData/d/KLd07.jpg
382,male_disgust,SAVEE,Audio/KLd08.wav,KLd08,d,ImageData/d/KLd08.jpg
383,male_disgust,SAVEE,Audio/KLd09.wav,KLd09,d,ImageData/d/KLd09.jpg
384,male_disgust,SAVEE,Audio/KLd10.wav,KLd10,d,ImageData/d/KLd10.jpg
385,male_disgust,SAVEE,Audio/KLd11.wav,KLd11,d,ImageData/d/KLd11.jpg
386,male_disgust,SAVEE,Audio/KLd12.wav,KLd12,d,ImageData/d/KLd12.jpg
387,male_disgust,SAVEE,Audio/KLd13.wav,KLd13,d,ImageData/d/KLd13.jpg
388,male_disgust,SAVEE,Audio/KLd14.wav,KLd14,d,ImageData/d/KLd14.jpg
389,male_disgust,SAVEE,Audio/KLd15.wav,KLd15,d,ImageData/d/KLd15.jpg
390,male_fear,SAVEE,Audio/KLf01.wav,KLf01,f,ImageData/f/KLf01.jpg
391,male_fear,SAVEE,Audio/KLf02.wav,KLf02,f,ImageData/f/KLf02.jpg
392,male_fear,SAVEE,Audio/KLf03.wav,KLf03,f,ImageData/f/KLf03.jpg
393,male_fear,SAVEE,Audio/KLf04.wav,KLf04,f,ImageData/f/KLf04.jpg
394,male_fear,SAVEE,Audio/KLf05.wav,KLf05,f,ImageData/f/KLf05.jpg
395,male_fear,SAVEE,Audio/KLf06.wav,KLf06,f,ImageData/f/KLf06.jpg
396,male_fear,SAVEE,Audio/KLf07.wav,KLf07,f,ImageData/f/KLf07.jpg
397,male_fear,SAVEE,Audio/KLf08.wav,KLf08,f,ImageData/f/KLf08.jpg
398,male_fear,SAVEE,Audio/KLf09.wav,KLf09,f,ImageData/f/KLf09.jpg
399,male_fear,SAVEE,Audio/KLf10.wav,KLf10,f,ImageData/f/KLf10.jpg
400,male_fear,SAVEE,Audio/KLf11.wav,KLf11,f,ImageData/f/KLf11.jpg
401,male_fear,SAVEE,Audio/KLf12.wav,KLf12,f,ImageData/f/KLf12.jpg
402,male_fear,SAVEE,Audio/KLf13.wav,KLf13,f,ImageData/f/KLf13.jpg
403,male_fear,SAVEE,Audio/KLf14.wav,KLf14,f,ImageData/f/KLf14.jpg
404,male_fear,SAVEE,Audio/KLf15.wav,KLf15,f,ImageData/f/KLf15.jpg
405,male_happy,SAVEE,Audio/KLh01.wav,KLh01,h,ImageData/h/KLh01.jpg
406,male_happy,SAVEE,Audio/KLh02.wav,KLh02,h,ImageData/h/KLh02.jpg
407,male_happy,SAVEE,Audio/KLh03.wav,KLh03,h,ImageData/h/KLh03.jpg
408,male_happy,SAVEE,Audio/KLh04.wav,KLh04,h,ImageData/h/KLh04.jpg
409,male_happy,SAVEE,Audio/KLh05.wav,KLh05,h,ImageData/h/KLh05.jpg
410,male_happy,SAVEE,Audio/KLh06.wav,KLh06,h,ImageData/h/KLh06.jpg
411,male_happy,SAVEE,Audio/KLh07.wav,KLh07,h,ImageData/h/KLh07.jpg
412,male_happy,SAVEE,Audio/KLh08.wav,KLh08,h,ImageData/h/KLh08.jpg
413,male_happy,SAVEE,Audio/KLh09.wav,KLh09,h,ImageData/h/KLh09.jpg
414,male_happy,SAVEE,Audio/KLh10.wav,KLh10,h,ImageData/h/KLh10.jpg
415,male_happy,SAVEE,Audio/KLh11.wav,KLh11,h,ImageData/h/KLh11.jpg
416,male_happy,SAVEE,Audio/KLh12.wav,KLh12,h,ImageData/h/KLh12.jpg
417,male_happy,SAVEE,Audio/KLh13.wav,KLh13,h,ImageData/h/KLh13.jpg
418,male_happy,SAVEE,Audio/KLh14.wav,KLh14,h,ImageData/h/KLh14.jpg
419,male_happy,SAVEE,Audio/KLh15.wav,KLh15,h,ImageData/h/KLh15.jpg
420,male_neutral,SAVEE,Audio/KLn01.wav,KLn01,n,ImageData/n/KLn01.jpg
421,male_neutral,SAVEE,Audio/KLn02.wav,KLn02,n,ImageData/n/KLn02.jpg
422,male_neutral,SAVEE,Audio/KLn03.wav,KLn03,n,ImageData/n/KLn03.jpg
423,male_neutral,SAVEE,Audio/KLn04.wav,KLn04,n,ImageData/n/KLn04.jpg
424,male_neutral,SAVEE,Audio/KLn05.wav,KLn05,n,ImageData/n/KLn05.jpg
425,male_neutral,SAVEE,Audio/KLn06.wav,KLn06,n,ImageData/n/KLn06.jpg
426,male_neutral,SAVEE,Audio/KLn07.wav,KLn07,n,ImageData/n/KLn07.jpg
427,male_neutral,SAVEE,Audio/KLn08.wav,KLn08,n,ImageData/n/KLn08.jpg
428,male_neutral,SAVEE,Audio/KLn09.wav,KLn09,n,ImageData/n/KLn09.jpg
429,male_neutral,SAVEE,Audio/KLn10.wav,KLn10,n,ImageData/n/KLn10.jpg
430,male_neutral,SAVEE,Audio/KLn11.wav,KLn11,n,ImageData/n/KLn11.jpg
431,male_neutral,SAVEE,Audio/KLn12.wav,KLn12,n,ImageData/n/KLn12.jpg
432,male_neutral,SAVEE,Audio/KLn13.wav,KLn13,n,ImageData/n/KLn13.jpg
433,male_neutral,SAVEE,Audio/KLn14.wav,KLn14,n,ImageData/n/KLn14.jpg
434,male_neutral,SAVEE,Audio/KLn15.wav,KLn15,n,ImageData/n/KLn15.jpg
435,male_neutral,SAVEE,Audio/KLn16.wav,KLn16,n,ImageData/n/KLn16.jpg
436,male_neutral,SAVEE,Audio/KLn17.wav,KLn17,n,ImageData/n/KLn17.jpg
437,male_neutral,SAVEE,Audio/KLn18.wav,KLn18,n,ImageData/n/KLn18.jpg
438,male_neutral,SAVEE,Audio/KLn19.wav,KLn19,n,ImageData/n/KLn19.jpg
439,male_neutral,SAVEE,Audio/KLn20.wav,KLn20,n,ImageData/n/KLn20.jpg
440,male_neutral,SAVEE,Audio/KLn21.wav,KLn21,n,ImageData/n/KLn21.jpg
441,male_neutral,SAVEE,Audio/KLn22.wav,KLn22,n,ImageData/n/KLn22.jpg
442,male_neutral,SAVEE,Audio/KLn23.wav,KLn23,n,ImageData/n/KLn23.jpg
443,male_neutral,SAVEE,Audio/KLn24.wav,KLn24,n,ImageData/n/KLn24.jpg
444,male_neutral,SAVEE,Audio/KLn25.wav,KLn25,n,ImageData/n/KLn25.jpg
445,male_neutral,SAVEE,Audio/KLn26.wav,KLn26,n,ImageData/n/KLn26.jpg
446,male_neutral,SAVEE,Audio/KLn27.wav,KLn27,n,ImageData/n/KLn27.jpg
447,male_neutral,SAVEE,Audio/KLn28.wav,KLn28,n,ImageData/n/KLn28.jpg
448,male_neutral,SAVEE,Audio/KLn29.wav,KLn29,n,ImageData/n/KLn29.jpg
449,male_neutral,SAVEE,Audio/KLn30.wav,KLn30,n,ImageData/n/KLn30.jpg
450,male_sad,SAVEE,Audio/KLsa01.wav,KLsa01,sa,ImageData/sa/KLsa01.jpg
451,male_sad,SAVEE,Audio/KLsa02.wav,KLsa02,sa,ImageData/sa/KLsa02.jpg
452,male_sad,SAVEE,Audio/KLsa03.wav,KLsa03,sa,ImageData/sa/KLsa03.jpg
453,male_sad,SAVEE,Audio/KLsa04.wav,KLsa04,sa,ImageData/sa/KLsa04.jpg
454,male_sad,SAVEE,Audio/KLsa05.wav,KLsa05,sa,ImageData/sa/KLsa05.jpg
455,male_sad,SAVEE,Audio/KLsa06.wav,KLsa06,sa,ImageData/sa/KLsa06.jpg
456,male_sad,SAVEE,Audio/KLsa07.wav,KLsa07,sa,ImageData/sa/KLsa07.jpg
457,male_sad,SAVEE,Audio/KLsa08.wav,KLsa08,sa,ImageData/sa/KLsa08.jpg
458,male_sad,SAVEE,Audio/KLsa09.wav,KLsa09,sa,ImageData/sa/KLsa09.jpg
459,male_sad,SAVEE,Audio/KLsa10.wav,KLsa10,sa,ImageData/sa/KLsa10.jpg
460,male_sad,SAVEE,Audio/KLsa11.wav,KLsa11,sa,ImageData/sa/KLsa11.jpg
461,male_sad,SAVEE,Audio/KLsa12.wav,KLsa12,sa,ImageData/sa/KLsa12.jpg
462,male_sad,SAVEE,Audio/KLsa13.wav,KLsa13,sa,ImageData/sa/KLsa13.jpg
463,male_sad,SAVEE,Audio/KLsa14.wav,KLsa14,sa,ImageData/sa/KLsa14.jpg
464,male_sad,SAVEE,Audio/KLsa15.wav,KLsa15,sa,ImageData/sa/KLsa15.jpg
465,male_surprise,SAVEE,Audio/KLsu01.wav,KLsu01,su,ImageData/su/KLsu01.jpg
466,male_surprise,SAVEE,Audio/KLsu02.wav,KLsu02,su,ImageData/su/KLsu02.jpg
467,male_surprise,SAVEE,Audio/KLsu03.wav,KLsu03,su,ImageData/su/KLsu03.jpg
468,male_surprise,SAVEE,Audio/KLsu04.wav,KLsu04,su,ImageData/su/KLsu04.jpg
469,male_surprise,SAVEE,Audio/KLsu05.wav,KLsu05,su,ImageData/su/KLsu05.jpg
470,male_surprise,SAVEE,Audio/KLsu06.wav,KLsu06,su,ImageData/su/KLsu06.jpg
471,male_surprise,SAVEE,Audio/KLsu07.wav,KLsu07,su,ImageData/su/KLsu07.jpg
472,male_surprise,SAVEE,Audio/KLsu08.wav,KLsu08,su,ImageData/su/KLsu08.jpg
473,male_surprise,SAVEE,Audio/KLsu09.wav,KLsu09,su,ImageData/su/KLsu09.jpg
474,male_surprise,SAVEE,Audio/KLsu10.wav,KLsu10,su,ImageData/su/KLsu10.jpg
475,male_surprise,SAVEE,Audio/KLsu11.wav,KLsu11,su,ImageData/su/KLsu11.jpg
476,male_surprise,SAVEE,Audio/KLsu12.wav,KLsu12,su,ImageData/su/KLsu12.jpg
477,male_surprise,SAVEE,Audio/KLsu13.wav,KLsu13,su,ImageData/su/KLsu13.jpg
478,male_surprise,SAVEE,Audio/KLsu14.wav,KLsu14,su,ImageData/su/KLsu14.jpg
479,male_surprise,SAVEE,Audio/KLsu15.wav,KLsu15,su,ImageData/su/KLsu15.jpg
